{
    "description": {
    "translate": "enchantment.enchantencore.lightning_bolt",
    "fallback": "Lightning Bolt"
  },
    "exclusive_set": "#enchantencore:exclusive_set/shot_arrow",
    "supported_items": "#enchantencore:all_bows",
    "weight": 1,
    "max_level": 1,
    "min_cost": {
      "base": 1,
      "per_level_above_first": 10
    },
    "max_cost": {
      "base": 24,
      "per_level_above_first": 10
    },
    "anvil_cost": 2,
    "slots": [
      "mainhand"
    ],
    "effects": {
      "minecraft:post_attack": [
        {
          "enchanted": "attacker",
          "affected": "victim",
          "effect": {
            "type": "minecraft:summon_entity",
            "entity": "minecraft:lightning_bolt"
          },
          "requirements": {
            "condition": "minecraft:entity_properties",
            "entity": "this",
            "predicate": {
              "location": {
                "can_see_sky": true
              }
            }
          }
        }
      ]
    }
  }
  