{
  "description": {
    "translate": "enchantment.enchantencore.night_vision",
    "fallback": "Night Vision"
  },
  "supported_items": "#minecraft:enchantable/head_armor",
  "weight": 1,
  "max_level": 1,
  "min_cost": {
    "base": 31,
    "per_level_above_first": 0
  },
  "max_cost": {
    "base": 41,
    "per_level_above_first": 0
  },
  "anvil_cost": 4,
  "slots": [
    "head"
  ],
  "effects": {
    "minecraft:tick": [
      {
        "effect": {
          "type": "minecraft:run_function",
          "function": "enchantencore:night_vision"
        },
        "requirements": {
          "condition": "minecraft:any_of",
          "terms": [
            {
              "condition": "minecraft:time_check",
              "value": {
                "min": 13000,
                "max": 23000
              },
              "period": 24000
            },
            {
              "condition": "minecraft:entity_properties",
              "entity": "this",
              "predicate": {
                "location": {
                  "light": {
                    "light": {
                      "max": 5
                    }
                  }
                }
              }
            }
          ]
        }
      }
    ]
  }
}
