{
    "type": "minecraft:crafting_shaped",
     
"pattern": [
        " I ",
        " B ",
        " T "
    ],
    "key": {
        "T": {
            "item": "minecraft:iron_block"
        },
		"I": {
            "item": "minecraft:iron_ingot"
        },
		"B": {
            "item": "minecraft:emerald"
        }
    },
    "result": {
        "id": "minecraft:clock",
        "count":2,
        "components": {
            "minecraft:custom_model_data": 444457,
            "minecraft:custom_data": {"gz_data":{"bullet_type":54},"HideFlags":32},
            "minecraft:item_name": "{\"translate\": \"thepa.item.name.bullet_54\",\"color\": \"white\",\"italic\": false}"
          }
    }
}