{
	"type": "minecraft:crafting_shapeless",
	  
  "ingredients": [
        {
            "item": "minecraft:iron_ingot"
        },
        {
            "item": "minecraft:gunpowder"
        },
        {
            "item": "minecraft:coal"
        }
    ],
	"result": {
		"id": "minecraft:clock",
        "count":1,
        "components": {
            "minecraft:custom_model_data": 444454,
            "minecraft:custom_data": {"gz_data":{"bullet_type":3},"HideFlags":32},
            "minecraft:item_name": "{\"translate\": \"thepa.item.name.bullet_3\",\"color\": \"white\",\"italic\": false}"
          }
	}
}