{
    "type": "minecraft:crafting_shaped",
     
"pattern": [
        "TTT",
        "III",
        " S "
    ],
    "key": {
        "T": {
            "item": "minecraft:tnt"
        },
		"I": {
            "item": "minecraft:iron_block"
        },
		"S": {
            "item": "minecraft:stick"
        }
    },
    "result": {
        "id": "minecraft:clock",
        "count":1,
        "components": {
            "minecraft:custom_model_data": 444455,
            "minecraft:custom_data": {"gz_data":{"bullet_type":19},"HideFlags":32},
            "minecraft:item_name": "{\"translate\": \"thepa.item.name.bullet_19\",\"color\": \"white\",\"italic\": false}"
          }
    }
}