{
	"type": "minecraft:crafting_shapeless",
	  
  "ingredients": [
        {
            "item": "minecraft:iron_nugget"
        },
        {
            "item": "minecraft:gunpowder"
        },
        {
            "item": "minecraft:fire_charge"
        }
    ],
	"result": {
		"id": "minecraft:clock",
        "count":1,
        "components": {
            "minecraft:custom_model_data": 444450,
            "minecraft:custom_data": {"gz_data":{"bullet_type":9},"HideFlags":32},
            "minecraft:item_name": "{\"translate\": \"thepa.item.name.bullet_8\",\"color\": \"white\",\"italic\": false}"
          }
	}
}