{
    "type": "minecraft:crafting_shaped",
     
"pattern": [
        "OP ",
        "IOI",
        "IR "
    ],
    "key": {
        "P": {
            "item": "minecraft:glass_pane"
        },
        "O": {
            "item": "minecraft:orange_concrete"
        },
        "I": {
            "item": "minecraft:iron_ingot"
        },
		"R": {
			"item": "minecraft:redstone_block"
		}
    },
    "result": {
        "id": "minecraft:carrot_on_a_stick",
        "components": {
          "minecraft:custom_model_data": 88892,
          "minecraft:custom_data": {"gz_data":{"capacity":1, "bullets":0, "reload_time":5.5, "id":11,"debuff":-200,"sniper":1},"HideFlags":32},
          "minecraft:item_name": "{\"translate\": \"thepa.item.name.gun_11\",\"color\": \"yellow\",\"italic\": false}",
          "minecraft:lore": [
            "{\"translate\": \"thepa.item.desc.line1\",\"color\": \"gray\",\"italic\": false}",
            "{\"text\": \"Reload Time: 5.5s\",\"color\": \"blue\",\"italic\": false}",
            "{\"text\":\"Uses Heavy Rounds\"}"
          ]
        }
    }
}