{
    "type": "minecraft:crafting_shaped",
      
  "pattern": [
        " GI",
        "RCB",
        "CI "
    ],
    "key": {
        "I": {
            "item": "minecraft:iron_ingot"
        },
        "R": {
            "item": "minecraft:redstone"
        },
        "G": {
            "item": "minecraft:glass"
        },
        "C": {
            "item": "minecraft:green_concrete"
        },
        "B": {
            "item": "minecraft:stone_button"
        }
    },
    "result": {
        "id": "minecraft:carrot_on_a_stick",
        "components": {
          "minecraft:custom_model_data": 88951,
          "minecraft:custom_data": {"gz_data":{"capacity":30, "bullets":0, "reload_time":2.2, "id":53,"debuff":-0.5},"HideFlags":32},
          "minecraft:item_name": "{\"translate\": \"thepa.item.name.gun_53\",\"color\": \"yellow\",\"italic\": false}",
          "minecraft:lore": [
            "{\"translate\": \"thepa.item.desc.line1\",\"color\": \"gray\",\"italic\": false}",
            "{\"text\": \"Reload Time: 2s\",\"color\": \"blue\",\"italic\": false}",
            "{\"text\":\"Uses Medium Rounds\"}"
          ]
        }
    }
}