{
    "type": "minecraft:crafting_shaped",
      
  "pattern": [
        "SIN",
        "IHI",
        "BI "
    ],
    "key": {
        "I": {
            "item": "minecraft:iron_block"
        },
        "B": {
            "item": "minecraft:stone_button"
        },
        "S": {
            "item": "minecraft:seagrass"
        },
        "H": {
            "item": "minecraft:heart_of_the_sea"
        },
        "N": {
            "item": "minecraft:nether_star"
        }
    },
    "result": {
        "id": "minecraft:carrot_on_a_stick",
        "components": {
          "minecraft:custom_model_data": 88950,
          "minecraft:custom_data": {"gz_data":{"capacity":1, "bullets":0, "reload_time":10, "id":52,"ms":0,"os":-1.5,"mi":0,"oi":0},"HideFlags":32},
          "minecraft:item_name": "{\"translate\": \"thepa.item.name.gun_36\",\"color\": \"yellow\",\"italic\": false}",
          "minecraft:lore": [
            "{\"translate\": \"thepa.item.desc.line1\",\"color\": \"gray\",\"italic\": false}",
            "{\"text\": \"Reload Time: 10s\",\"color\": \"blue\",\"italic\": false}",
            "{\"text\":\"Uses Dolphins\"}"
          ]
        }
    }
}